profil,vitesse_ms,angle_deg,L_kg,D_kg,L_N,D_N
NACA-0012,18,-5,-0.65,-0.063,-6.3743225,-0.61781895
NACA-0012,18,7.5,1.67,-0.06,16.377105,-0.588399
NACA-0012,18,11.5,1.54,-0.314,15.102241,-3.0792881
NACA-0012,18,12.5,1.41,-0.341,13.827376,-3.3440676
NACA-0012,18,13.5,1.55,-0.347,15.200307,-3.4029075
