profil,vitesse_ms,angle_deg,L_kg,D_kg,L_N,D_N
NACA-0012,17.3,5,1.23,-0.043,12.062179,-0.42168595
NACA-0012,17.3,10,1.42,-0.271,13.925443,-2.6576022
