profil,vitesse_ms,angle_deg,pression_PSI
NACA-0012,2.9,-5,-0.0020100625
NACA-0012,2.9,0,-0.0020547679
NACA-0012,2.9,5,-0.0023261625
NACA-0012,2.9,10,-0.0023750875
